<?xml version="1.0" encoding="UTF-8" ?>
<OpenSimDocument Version="30000">
	<ExternalLoads name="Ex2">
		<objects>
			<ExternalForce name="ExternalForce_1">
				<!--Name of the body the force is applied to.-->
				<applied_to_body>calcn_r</applied_to_body>
				<!--Name of the body the force is expressed in (default is ground).-->
				<force_expressed_in_body>ground</force_expressed_in_body>
				<!--Name of the body the point is expressed in (default is ground).-->
				<point_expressed_in_body>ground</point_expressed_in_body>
				<!--Identifier (string) to locate the force to be applied in the data source.-->
				<force_identifier>1_ground_force_v</force_identifier>
				<!--Identifier (string) to locate the point to be applied in the data source.-->
				<point_identifier>1_ground_force_p</point_identifier>
				<!--Identifier (string) to locate the torque to be applied in the data source.-->
				<torque_identifier>1_ground_torque_</torque_identifier>
				<!--Name of the data source (Storage) that will supply the force data.-->
				<data_source_name>Unassigned</data_source_name>
			</ExternalForce>
			<ExternalForce name="ExternalForce_2">
				<!--Name of the body the force is applied to.-->
				<applied_to_body>calcn_l</applied_to_body>
				<!--Name of the body the force is expressed in (default is ground).-->
				<force_expressed_in_body>ground</force_expressed_in_body>
				<!--Name of the body the point is expressed in (default is ground).-->
				<point_expressed_in_body>ground</point_expressed_in_body>
				<!--Identifier (string) to locate the force to be applied in the data source.-->
				<force_identifier>2_ground_force_v</force_identifier>
				<!--Identifier (string) to locate the point to be applied in the data source.-->
				<point_identifier>2_ground_force_p</point_identifier>
				<!--Identifier (string) to locate the torque to be applied in the data source.-->
				<torque_identifier>2_ground_torque_</torque_identifier>
				<!--Name of the data source (Storage) that will supply the force data.-->
				<data_source_name>Unassigned</data_source_name>
			</ExternalForce>
		</objects>
		<groups />
		<!--Storage file (.sto) containing (3) components of force and/or torque and point of application.Note: this file overrides the data source specified by the individual external forces if specified.-->
		<datafile>C:\Users\linyc\OneDrive - The University of Melbourne\DynOptProject\Sprinting\AS\ExpData\Running SS (AS)05b_Cut0ff20Hz_RHS2RHS_kinetics.mot</datafile>
	</ExternalLoads>
</OpenSimDocument>
