<?xml version="1.0" encoding="UTF-8" ?>
<OpenSimDocument Version="30000">
	<CMCTool name="AS">
		<!--Name of the .osim file used to construct a model.-->
		<model_file />
		<!--Replace the model's force set with sets specified in <force_set_files>? If false, the force set is appended to.-->
		<replace_force_set>false</replace_force_set>
		<!--List of xml files used to construct an force set for the model.-->
		<force_set_files> AS_CMC_Actuators.xml</force_set_files>
		<!--Directory used for writing results.-->
		<results_directory>CMC_PRResults</results_directory>
		<!--Output precision.  It is 8 by default.-->
		<output_precision>20</output_precision>
		<!--Initial time for the simulation.-->
		<initial_time>0.02</initial_time>
		<!--Final time for the simulation.-->
		<final_time>0.84</final_time>
		<!--Maximum number of integrator steps.-->
		<maximum_number_of_integrator_steps>30000</maximum_number_of_integrator_steps>
		<!--Maximum integration step size.-->
		<maximum_integrator_step_size>1</maximum_integrator_step_size>
		<!--Minimum integration step size.-->
		<minimum_integrator_step_size>1e-008</minimum_integrator_step_size>
		<!--Integrator error tolerance. When the error is greater, the integrator step size is decreased.-->
		<integrator_error_tolerance>0.0001</integrator_error_tolerance>
		<!--Set of analyses to be run during the investigation.-->
		<AnalysisSet name="Analyses">
			<objects>
				<ProbeReporter name="ProbeReporter">
					<!--Flag (true or false) specifying whether whether on. True by default.-->
					<on>true</on>
					<!--Specifies how often to store results during a simulation. More specifically, the interval (a positive integer) specifies how many successful integration steps should be taken before results are recorded again.-->
					<step_interval>10</step_interval>
					<!--Flag (true or false) indicating whether the results are in degrees or not.-->
					<in_degrees>true</in_degrees>
				</ProbeReporter>
				<Kinematics name="Kinematics">
					<!--Flag (true or false) specifying whether whether on. True by default.-->
					<on>true</on>
					<!--Specifies how often to store results during a simulation. More specifically, the interval (a positive integer) specifies how many successful integration steps should be taken before results are recorded again.-->
					<step_interval>10</step_interval>
					<!--Flag (true or false) indicating whether the results are in degrees or not.-->
					<in_degrees>true</in_degrees>
				</Kinematics>
				<BodyKinematics name="BodyKinematics">
					<!--Flag (true or false) specifying whether whether on. True by default.-->
					<on>true</on>
					<!--Specifies how often to store results during a simulation. More specifically, the interval (a positive integer) specifies how many successful integration steps should be taken before results are recorded again.-->
					<step_interval>10</step_interval>
					<!--Flag (true or false) indicating whether the results are in degrees or not.-->
					<in_degrees>true</in_degrees>
				</BodyKinematics>
				<ForceReporter name="ForceReporter">
					<!--Flag (true or false) specifying whether whether on. True by default.-->
					<on>true</on>
					<!--Specifies how often to store results during a simulation. More specifically, the interval (a positive integer) specifies how many successful integration steps should be taken before results are recorded again.-->
					<step_interval>1</step_interval>
					<!--Flag (true or false) indicating whether the results are in degrees or not.-->
					<in_degrees>true</in_degrees>
					<!--Flag indicating whether to include forces due to constraints.-->
					<include_constraint_forces>true</include_constraint_forces>
				</ForceReporter>
				<Actuation name="Actuation">
					<!--Flag (true or false) specifying whether whether on. True by default.-->
					<on>true</on>
					<!--Specifies how often to store results during a simulation. More specifically, the interval (a positive integer) specifies how many successful integration steps should be taken before results are recorded again.-->
					<step_interval>10</step_interval>
					<!--Flag (true or false) indicating whether the results are in degrees or not.-->
					<in_degrees>true</in_degrees>
				</Actuation>
			</objects>
		</AnalysisSet>
		<!--XML file (.xml) containing the forces applied to the model as ExternalLoads.-->
		<external_loads_file>AS_PR_Kinetics.xml</external_loads_file>
		<!--Motion (.mot) or storage (.sto) file containing the desired kinematic trajectories.-->
		<desired_kinematics_file>AS_PR_IK.mot</desired_kinematics_file>
		<!--File containing the tracking tasks. Which coordinates are tracked and with what weights are specified here.-->
		<task_set_file>AS_CMC_Tasks.xml</task_set_file>
		<!--File containing the constraints on the controls.-->
		<constraints_file>AS_CMC_ControlConstraints.xml</constraints_file>
		<!--Low-pass cut-off frequency for filtering the desired kinematics. A negative value results in no filtering. The default value is -1.0, so no filtering.-->
		<lowpass_cutoff_frequency>6</lowpass_cutoff_frequency>
		<!--Time window over which the desired actuator forces are achieved. Muscles forces cannot change instantaneously, so a finite time window must be allowed. The recommended time window for RRA is about 0.001 sec, and for CMC is about 0.010 sec.-->
		<cmc_time_window>0.01</cmc_time_window>
		<!--Flag (true or false) indicating whether to use the fast CMC optimization target. The fast target requires the desired accelerations to be met. The optimizer fails if the acclerations constraints cannot be met, so the fast target can be less robust.  The regular target does not require the acceleration constraints to be met; it meets them as well as it can, but it is slower and less accurate.-->
		<use_fast_optimization_target>true</use_fast_optimization_target>
		<!--Preferred optimizer algorithm (currently support "ipopt" or "cfsqp", the latter requiring the osimFSQP library.-->
		<optimizer_algorithm>ipopt</optimizer_algorithm>
		<!--Maximum number of iterations for the optimizer.-->
		<optimizer_max_iterations>2000</optimizer_max_iterations>
		<!--Print level for the optimizer, 0 - 3. 0=no printing, 3=detailed printing, 2=in between-->
		<optimizer_print_level>0</optimizer_print_level>
		<!--True-false flag indicating whether or not to turn on verbose printing for cmc.-->
		<use_verbose_printing>false</use_verbose_printing>
	</CMCTool>
</OpenSimDocument>
